{
  "spec/requests/api/v1/users/update_spec.rb": 1.306541206999995,
  "spec/models/user_spec.rb": 0.0996644989999993,
  "spec/policies/application_policy_spec.rb": 0.015865031000004137,
  "spec/routing/sessions_routing_spec.rb": 0.005035709999987148,
  "spec/requests/api/v1/sessions/create_spec.rb": 0.6234042820000099,
  "spec/acceptance/settings_spec.rb": 0.19314819299999897,
  "spec/requests/api/v1/passwords/update_spec.rb": 0.6090854039999982,
  "spec/mailers/application_mailer_spec.rb": 0.004138255000000868,
  "spec/requests/api/v1/users/create_spec.rb": 0.558520054000013,
  "spec/acceptance/sessions_spec.rb": 0.5795905909999988,
  "spec/policies/admin_user_policy_spec.rb": 0.026865146999995204,
  "spec/requests/api/v1/passwords/create_spec.rb": 0.17571577200000377,
  "spec/routing/registrations_routing_spec.rb": 0.002474731999996038,
  "spec/requests/api/v1/status_spec.rb": 0.016491813000001798,
  "spec/policies/admin/application_policy_spec.rb": 0.01637551099999257,
  "spec/policies/admin/page_policy_spec.rb": 0.01974235500000532,
  "spec/lib/tasks/feature_flags_spec.rb": 0.08386278400000435,
  "spec/routing/user_routing_spec.rb": 0.004480157999992684,
  "spec/requests/api/v1/passwords/edit_spec.rb": 0.2928943860000004,
  "spec/decorators/user_decorator_spec.rb": 0.010400234000002229,
  "spec/requests/api/v1/feature_flags_spec.rb": 0.049924645000004375,
  "spec/acceptance/users_spec.rb": 0.5856227700000005,
  "spec/acceptance/status_spec.rb": 0.009945728999994685,
  "spec/requests/api/v1/sessions/destroy_spec.rb": 0.32783533700001044,
  "spec/acceptance/passwords_spec.rb": 0.7760648309999993,
  "spec/requests/api/v1/settings_spec.rb": 0.12727274499999908,
  "spec/policies/admin/admin_user_policy_spec.rb": 0.00860481099999788,
  "spec/requests/api/v1/users/show_spec.rb": 0.7164620599999978,
  "spec/policies/admin/user_policy_spec.rb": 0.01692401799999743,
  "spec/policies/user_policy_spec.rb": 0.030067888000004928
}